Source,Target,Weight
ARYA,JAQEN,148
JORAH,TYRION,141
BRONN,JAIME,121
TYRION,VARYS,110
DAENERYS,TYRION,98
CERSEI,HIGH_SPARROW,96
BRIENNE,PODRICK,90
JON,STANNIS,90
LITTLEFINGER,SANSA,89
JON,SAM,85
GILLY,SAM,83
DAARIO,DAENERYS,81
MARGAERY,TOMMEN,79
SANSA,THEON,77
DAENERYS,HIZDAHR,69
DAVOS,STANNIS,68
JON,TORMUND,63
CERSEI,TOMMEN,62
JAIME,MYRCELLA,58
MYRANDA,SANSA,58
RAMSAY,THEON,58
MELISANDRE,STANNIS,52
RAMSAY,ROOSE_BOLTON,51
RAMSAY,SANSA,51
CERSEI,LITTLEFINGER,50
ARYA,WAIF,48
SHIREEN,STANNIS,47
CERSEI,MARGAERY,46
CERSEI,QYBURN,41
JON,OLLY,41
CERSEI,JAIME,40
DAENERYS,JORAH,40
JON,MELISANDRE,39
BARRISTAN,DAENERYS,38
DAVOS,JON,35
DAVOS,SHIREEN,35
BRONN,TYENE,34
DORAN,ELLARIA,33
JON,MANCE,33
ALLISER_THORNE,JON,32
JAQEN,WAIF,32
HIGH_SPARROW,OLENNA,30
LORAS,MARGAERY,30
OLLY,SAM,30
GREY_WORM,MISSANDEI,29
CERSEI,MACE,28
DAENERYS,MOSSADOR,28
JON,KARSI,28
MYRANDA,RAMSAY,28
AREO,DORAN,27
BRIENNE,LITTLEFINGER,27
DAARIO,TYRION,27
CERSEI,OLENNA,26
DAARIO,HIZDAHR,24
DORAN,JAIME,24
MYRCELLA,TRYSTANE,24
SAM,STANNIS,24
DAENERYS,MISSANDEI,22
LITTLEFINGER,ROOSE_BOLTON,22
CERSEI,KEVAN,21
HIGH_SPARROW,LORAS,21
CERSEI,MAGGY,20
DAARIO,GREY_WORM,20
JANOS,JON,20
SELYSE,SHIREEN,20
AREO,BRONN,19
ELLARIA,JAIME,19
KARSI,TORMUND,19
TYCHO,MACE,19
AREO,JAIME,18
CERSEI,LANCEL,18
CERSEI,PYCELLE,18
GILLY,SHIREEN,18
JON,MAESTER_AEMON,18
SELYSE,STANNIS,18
DAARIO,JORAH,17
HIGH_SPARROW,MARGAERY,17
MAESTER_AEMON,SAM,17
MALKO,TYRION,17
ARYA,MERYN_TRANT,16
DAARIO,MISSANDEI,16
JAIME,TRYSTANE,16
JON,LOBODA,16
LITTLEFINGER,OLENNA,16
MISSANDEI,TYRION,16
ROOSE_BOLTON,SANSA,16
AREO,ELLARIA,15
AREO,MYRCELLA,15
BRIENNE,SANSA,15
CERSEI,LORAS,15
LORAS,OLYVAR,15
ALLISER_THORNE,SAM,14
BRONN,LOLLYS,14
DAENERYS,GREY_WORM,14
LANCEL,LITTLEFINGER,14
LITTLEFINGER,RAMSAY,14
MANCE,STANNIS,14
MARGAERY,OLENNA,14
NYMERIA,TYENE,14
CERSEI,MERYN_TRANT,13
DAVOS,MELISANDRE,13
HIZDAHR,TYRION,13
MELISANDRE,SELYSE,13
MYRANDA,THEON,13
CERSEI,MELARA,12
CERSEI,TYWIN,12
EDDISON_TOLLETT,JON,12
JORAH,MALKO,12
LORD_OF_BONES,TORMUND,12
ELLARIA,OBARA,11
ELLARIA,TYENE,11
DAVOS,OLLY,10
ELLARIA,MYRCELLA,10
OLLY,STANNIS,10
PYCELLE,QYBURN,10
BRIENNE,STANNIS,9
BRONN,MYRCELLA,9
DAENERYS,VARYS,9
DAVOS,SELYSE,9
DORAN,MYRCELLA,9
DORAN,TRYSTANE,9
HIGH_SPARROW,OLYVAR,9
JORAH,MISSANDEI,9
LORAS,OLENNA,9
LORAS,TOMMEN,9
MACE,QYBURN,9
MELISANDRE,SHIREEN,9
RAMSAY,WALDA,9
ALLISER_THORNE,OLLY,8
AREO,TRYSTANE,8
BRIENNE,RENLY,8
HIGH_SPARROW,TOMMEN,8
HIZDAHR,MISSANDEI,8
JANOS,SAM,8
KARSI,LOBODA,8
LANCEL,LORAS,8
ROOSE_BOLTON,THEON,8
SANSA,WALDA,8
TYRION,TYWIN,8
AREO,OBARA,7
BARRISTAN,DAARIO,7
BRONN,OBARA,7
CATELYN,SANSA,7
CERSEI,MYRCELLA,7
GILLY,OLLY,7
GREY_WORM,JORAH,7
HIZDAHR,MOSSADOR,7
MACE,MERYN_TRANT,7
MACE,PYCELLE,7
MARGAERY,OLYVAR,7
PODRICK,SANSA,7
RAMSAY,STANNIS,7
ALLISER_THORNE,JANOS,6
BRONN,DORAN,6
BRONN,TRYSTANE,6
CERSEI,TYRION,6
DAARIO,MOSSADOR,6
EDDISON_TOLLETT,SAM,6
ELLARIA,OBERYN,6
GILLY,JON,6
GILLY,SELYSE,6
JAIME,TYWIN,6
JON,SELYSE,6
JORAH,VARYS,6
MANCE,TORMUND,6
MYRANDA,WALDA,6
MYRCELLA,OBARA,6
NYMERIA,OBARA,6
OBARA,TYENE,6
ROOSE_BOLTON,WALDA,6
ALLISER_THORNE,STANNIS,5
BRAN,RICKON,5
BRAN,THEON,5
BRIENNE,CATELYN,5
BRONN,NYMERIA,5
CATELYN,LITTLEFINGER,5
CERSEI,ROBERT,5
DORAN,OBERYN,5
EDDISON_TOLLETT,OLLY,5
ELLARIA,NYMERIA,5
JON,LORD_OF_BONES,5
KEVAN,TOMMEN,5
LITTLEFINGER,STANNIS,5
MELISANDRE,SAM,5
NED,STANNIS,5
PODRICK,STANNIS,5
RICKON,THEON,5
SAM,SELYSE,5
ALLISER_THORNE,DAVOS,4
ALLISER_THORNE,EDDISON_TOLLETT,4
ALLISER_THORNE,MAESTER_AEMON,4
ALLISER_THORNE,TORMUND,4
AREO,NYMERIA,4
AREO,TYENE,4
ARYA,MACE,4
BARRISTAN,MOSSADOR,4
CERSEI,OLYVAR,4
CERSEI,ROOSE_BOLTON,4
CERSEI,VARYS,4
EDDISON_TOLLETT,STANNIS,4
ELLARIA,TRYSTANE,4
GILLY,MAESTER_AEMON,4
GILLY,STANNIS,4
HIGH_SPARROW,RENLY,4
HIGH_SPARROW,ROBERT,4
HIZDAHR,JORAH,4
JAIME,TYENE,4
JON,NIGHT_KING,4
LITTLEFINGER,ROBIN,4
LITTLEFINGER,THEON,4
LOBODA,TORMUND,4
MERYN_TRANT,QYBURN,4
MYRANDA,ROOSE_BOLTON,4
ROBERT,STANNIS,4
ROOSE_BOLTON,STANNIS,4
ROOSE_BOLTON,TYWIN,4
SAM,SHIREEN,4
SANSA,YOHN_ROYCE,4
THEON,WALDA,4
AERYS,DAENERYS,3
ARYA,NED,3
ARYA,TYCHO,3
BARRISTAN,GREY_WORM,3
BARRISTAN,RHAEGAR,3
BRAN,SANSA,3
CERSEI,JOFFREY,3
CERSEI,OBERYN,3
CERSEI,SANSA,3
DORAN,TOMMEN,3
EDDISON_TOLLETT,JANOS,3
GILLY,JANOS,3
GREY_WORM,MOSSADOR,3
GREY_WORM,TYRION,3
JAIME,LOLLYS,3
JAIME,OBARA,3
JAIME,TYRION,3
JAIME,VARYS,3
JANOS,OLLY,3
JANOS,STANNIS,3
JEOR,JON,3
JOFFREY,MARGAERY,3
JOFFREY,TOMMEN,3
JON,ROBB,3
KEVAN,LANCEL,3
KEVAN,PYCELLE,3
KEVAN,QYBURN,3
LITTLEFINGER,LYSA,3
LITTLEFINGER,NED,3
LITTLEFINGER,PODRICK,3
LITTLEFINGER,YOHN_ROYCE,3
MANCE,MELISANDRE,3
NED,ROBERT,3
NED,SANSA,3
OBARA,OBERYN,3
PODRICK,RENLY,3
PODRICK,TYRION,3
RICKON,SANSA,3
SANSA,STANNIS,3
SHAE,TYRION,3
SHAE,TYWIN,3
STANNIS,TORMUND,3
AERYS,BARRISTAN,2
ALLISER_THORNE,DENYS,2
ALLISER_THORNE,MANCE,2
ARYA,SANSA,2
ARYA,WALDER,2
BARRISTAN,HIZDAHR,2
BRIENNE,ROBERT,2
BRONN,CERSEI,2
CATELYN,NED,2
CATELYN,ROBB,2
CERSEI,ELLARIA,2
CERSEI,JORAH,2
DAENERYS,ROBERT,2
DAVOS,EDDISON_TOLLETT,2
DAVOS,SAM,2
DORAN,OBARA,2
DORAN,TYENE,2
EDDISON_TOLLETT,GILLY,2
EDDISON_TOLLETT,TORMUND,2
GILLY,MELISANDRE,2
HIGH_SPARROW,MERYN_TRANT,2
JAIME,LITTLEFINGER,2
JAIME,NYMERIA,2
JAIME,TOMMEN,2
JAQEN,MACE,2
JAQEN,MERYN_TRANT,2
JEOR,SAM,2
JOFFREY,RENLY,2
JOFFREY,ROBERT,2
JOFFREY,SANSA,2
JOFFREY,TYRION,2
JOFFREY,TYWIN,2
JON,ROOSE_BOLTON,2
JON,SHIREEN,2
JORAH,MOSSADOR,2
KARSI,NIGHT_KING,2
KEVAN,TYWIN,2
LANCEL,OLYVAR,2
LANCEL,PYCELLE,2
LITTLEFINGER,LORAS,2
LITTLEFINGER,MYRANDA,2
LITTLEFINGER,OLYVAR,2
LITTLEFINGER,RENLY,2
LITTLEFINGER,ROBB,2
LITTLEFINGER,TOMMEN,2
LITTLEFINGER,WALDA,2
LORAS,TYWIN,2
LYANNA_MORMONT,STANNIS,2
MACE,MERYN_TRANT,2
MACE,TOMMEN,2
MAGGY,MELARA,2
MAGGY,ROBERT,2
MANCE,SAM,2
MARGAERY,ROBERT,2
MELISANDRE,OLLY,2
MOSSADOR,TYRION,2
NED,THEON,2
OLENNA,OLYVAR,2
OLYVAR,TOMMEN,2
PYCELLE,VARYS,2
RANDYLL,SAM,2
RHAEGAR,ROBERT,2
ROBB,SANSA,2
ROBB,THEON,2
ROBERT,TYWIN,2
ROBERT,VARYS,2
ROBIN,SANSA,2
STANNIS,STEFFON,2
TOMMEN,TYWIN,2
TYCHO,JAQEN,2
TYCHO,MERYN_TRANT,2
