Id,Label,Link
AERYS,Aerys,https://gameofthrones.fandom.com/wiki/Aerys_II_Targaryen
ALYS,Alys,https://gameofthrones.fandom.com/wiki/Alys_Karstark
ARYA,Arya,https://gameofthrones.fandom.com/wiki/Arya_Stark
BALERION,Balerion,https://gameofthrones.fandom.com/wiki/Balerion
BENJEN,Benjen,https://gameofthrones.fandom.com/wiki/Benjen_Stark
BERIC,Beric,https://gameofthrones.fandom.com/wiki/Beric_Dondarrion
BRAN,Bran,https://gameofthrones.fandom.com/wiki/Bran_Stark
BRIENNE,Brienne,https://gameofthrones.fandom.com/wiki/Brienne_of_Tarth
BRONN,Bronn,https://gameofthrones.fandom.com/wiki/Bronn
CATELYN,Catelyn,https://gameofthrones.fandom.com/wiki/Catelyn_Stark
CERSEI,Cersei,https://gameofthrones.fandom.com/wiki/Cersei_Lannister
DAENERYS,Daenerys,https://gameofthrones.fandom.com/wiki/Daenerys_Targaryen
DAVOS,Davos,https://gameofthrones.fandom.com/wiki/Davos_Seaworth
DICKON,Dickon,https://gameofthrones.fandom.com/wiki/Dickon_Tarly
EDDISON_TOLLETT,Eddison,https://gameofthrones.fandom.com/wiki/Eddison_Tollett
DROGO,Drogo,https://gameofthrones.fandom.com/wiki/Drogo
ELLARIA,Ellaria,https://gameofthrones.fandom.com/wiki/Ellaria_Sand
EURON,Euron,https://gameofthrones.fandom.com/wiki/Euron_Greyjoy
GENDRY,Gendry,https://gameofthrones.fandom.com/wiki/Gendry_Baratheon
GILLY,Gilly,https://gameofthrones.fandom.com/wiki/Gilly
GREY_WORM,Grey Worm,https://gameofthrones.fandom.com/wiki/Grey_Worm
HARRAG,Harrag,https://gameofthrones.fandom.com/wiki/Harrag
HOT_PIE,Hot Pie,https://gameofthrones.fandom.com/wiki/Hot_Pie
HOUND,Sandor,https://gameofthrones.fandom.com/wiki/Sandor_Clegane
HOWLAND,Howland,https://gameofthrones.fandom.com/wiki/Howland_Reed
JAIME,Jaime,https://gameofthrones.fandom.com/wiki/Jaime_Lannister
JEOR,Jeor,https://gameofthrones.fandom.com/wiki/Jeor_Mormont
JOFFREY,Joffrey,https://gameofthrones.fandom.com/wiki/Joffrey_Baratheon
JON,Jon,https://gameofthrones.fandom.com/wiki/Jon_Snow
JON_ARRYN,Jon Arryn,https://gameofthrones.fandom.com/wiki/Jon_Arryn
JORAH,Jorah,https://gameofthrones.fandom.com/wiki/Jorah_Mormont
LITTLEFINGER,Petyr,https://gameofthrones.fandom.com/wiki/Petyr_Baratheon
LYANNA,Lyanna,https://gameofthrones.fandom.com/wiki/Lyanna_Stark
LYANNA_MORMONT,Lyanna Mormont,https://gameofthrones.fandom.com/wiki/Lyanna_Mormont
LYSA,Lysa,https://gameofthrones.fandom.com/wiki/Lysa_Arryn
MARGAERY,Margaery,https://gameofthrones.fandom.com/wiki/Margaery_Tyrell
MEERA,Meera,https://gameofthrones.fandom.com/wiki/Meera_Reed
MELISANDRE,Melisandre,https://gameofthrones.fandom.com/wiki/Melisandre
MISSANDEI,Missandei,https://gameofthrones.fandom.com/wiki/Missandei
MOUNTAIN,Gregor,https://gameofthrones.fandom.com/wiki/Gregor_Clegane
MYRCELLA,Myrcella,https://gameofthrones.fandom.com/wiki/Myrcella_Baratheon
NED,Ned,https://gameofthrones.fandom.com/wiki/Ned_Umber
NED_UMBER,Ned Umber,https://gameofthrones.fandom.com/wiki/Ned_Umber
NIGHT_KING,Night King,https://gameofthrones.fandom.com/wiki/Night_King
NYMERIA,Nymeria,https://gameofthrones.fandom.com/wiki/Nymeria_Sand
OBARA,Obara,https://gameofthrones.fandom.com/wiki/Obara_Sand
OBERYN,Oberyn,https://gameofthrones.fandom.com/wiki/Oberyn_Martell
OLENNA,Olenna,https://gameofthrones.fandom.com/wiki/Olenna_Tyrell
PODRICK,Podrick,https://gameofthrones.fandom.com/wiki/Podrick_Payne
QHONO,Qhono,https://gameofthrones.fandom.com/wiki/Qhono
QYBURN,Qyburn,https://gameofthrones.fandom.com/wiki/Qyburn
RAMSAY,Ramsay,https://gameofthrones.fandom.com/wiki/Ramsay_Bolton
RANDYLL,Randyll,https://gameofthrones.fandom.com/wiki/Randyll_Tarly
RHAEGAR,Rhaegar,https://gameofthrones.fandom.com/wiki/Rhaegar_Targaryen
ROBB,Robb,https://gameofthrones.fandom.com/wiki/Robb_Stark
ROBERT,Robert,https://gameofthrones.fandom.com/wiki/Robert_Baratheon
ROBETT,Robett,https://gameofthrones.fandom.com/wiki/Robett_Glover
SAM,Sam,https://gameofthrones.fandom.com/wiki/Sam
SANSA,Sansa,https://gameofthrones.fandom.com/wiki/Sansa_Stark
SHIREEN,Shireen,https://gameofthrones.fandom.com/wiki/Shireen_Baratheon
STANNIS,Stannis,https://gameofthrones.fandom.com/wiki/Stannis_Baratheon
THEON,Theon,https://gameofthrones.fandom.com/wiki/Theon_Greyjoy
THOROS,Thoros,https://gameofthrones.fandom.com/wiki/Thoros
TOMMEN,Tommen,https://gameofthrones.fandom.com/wiki/Tommen_Baratheon
TORMUND,Tormund,https://gameofthrones.fandom.com/wiki/Tormund
TYCHO,Tycho,https://gameofthrones.fandom.com/wiki/Tycho_Nestoris
TYENE,Tyene,https://gameofthrones.fandom.com/wiki/Tyene_Sand
TYRION,Tyrion,https://gameofthrones.fandom.com/wiki/Tyrion_Lannister
TYWIN,Tywin,https://gameofthrones.fandom.com/wiki/Tywin_Lannister
VARYS,Varys,https://gameofthrones.fandom.com/wiki/Varys
VISERYS,Viserys,https://gameofthrones.fandom.com/wiki/Viserys_Targaryen_(son_of_Aerys_II)
WALDER,Walder,https://gameofthrones.fandom.com/wiki/Walder_Rivers
YARA,Yara,https://gameofthrones.fandom.com/wiki/Yara_Greyjoy
YOHN_ROYCE,Yohn Royce,https://gameofthrones.fandom.com/wiki/Yohn_Royce
