Source,Target,Weight
NED,ROBERT,192
DAENERYS,JORAH,154
JON,SAM,121
LITTLEFINGER,NED,107
NED,VARYS,96
DAENERYS,DROGO,91
ARYA,NED,90
CATELYN,ROBB,90
BRONN,TYRION,86
CERSEI,NED,86
CERSEI,ROBERT,80
LITTLEFINGER,VARYS,73
SHAE,TYRION,73
CATELYN,NED,69
JOFFREY,SANSA,69
NED,PYCELLE,68
DAENERYS,VISERYS,66
TYRION,TYWIN,61
JEOR,JON,60
ROBB,THEON,60
CERSEI,JOFFREY,54
ARYA,SANSA,53
BRAN,MAESTER_LUWIN,53
JAIME,NED,53
NED,SANSA,49
BRAN,ROBB,48
LORAS,RENLY,47
CERSEI,JAIME,46
JON,TYRION,45
ARYA,SYRIO_FOREL,44
JORY_CASSEL,NED,44
JORAH,VISERYS,43
CATELYN,TYRION,41
ROS,THEON,40
JOFFREY,NED,39
CERSEI,SANSA,36
CATELYN,WALDER,34
DAENERYS,DOREAH,34
JAIME,TYRION,34
JAIME,TYWIN,34
BENJEN,JON,33
DAENERYS,IRRI,32
GREATJON_UMBER,ROBB,31
MORD,TYRION,31
CATELYN,LYSA,30
DOREAH,VISERYS,30
JORAH,RAKHARO,30
LYSA,ROBIN,30
LYSA,TYRION,30
NED,RENLY,30
RENLY,ROBERT,30
BRAN,NED,29
BRAN,OSHA,29
JON,NED,29
BRAN,CATELYN,28
CATELYN,JAIME,28
CATELYN,RODRIK,28
DAENERYS,QOTHO,28
JOFFREY,ROBERT,28
JON,MAESTER_AEMON,28
DROGO,VISERYS,27
JAIME,JORY_CASSEL,27
BRAN,THEON,26
CATELYN,LITTLEFINGER,26
CATELYN,MAESTER_LUWIN,26
BARRISTAN,NED,25
ILLYRIO,VISERYS,25
JON,ROBB,25
OSHA,THEON,25
ARYA,JOFFREY,24
GRENN,JON,24
NED,ROBB,23
BARRISTAN,ROBERT,22
CATELYN,CERSEI,22
LITTLEFINGER,SANSA,22
SHAGGA,TYRION,22
ARYA,JON,20
DROGO,JORAH,20
JAIME,ROBERT,20
BRAN,JON,19
HOUND,SANSA,19
LITTLEFINGER,PYCELLE,19
LITTLEFINGER,ROS,19
THEON,TYRION,19
CERSEI,TYRION,18
BENJEN,TYRION,17
DAENERYS,RAKHARO,17
JEOR,SAM,17
LITTLEFINGER,RENLY,17
MAESTER_LUWIN,ROBB,17
ROBERT,SANSA,17
ROS,TYRION,17
CATELYN,THEON,16
GRENN,SAM,16
HOUND,JOFFREY,16
ROBB,TYRION,16
BRAN,TYRION,15
CATELYN,ROBERT,15
JEOR,TYRION,15
JOFFREY,TYRION,15
JOFFREY,VARYS,15
LANCEL,ROBERT,15
PYCELLE,VARYS,15
BENJEN,NED,14
BRAN,RICKON,14
CATELYN,JON,14
CATELYN,SANSA,14
JOFFREY,MARILLION,14
KEVAN,TYRION,14
LITTLEFINGER,ROBERT,14
BARRISTAN,CERSEI,13
CATELYN,VARDIS_EGEN,13
CERSEI,VARYS,13
DAENERYS,RHAEGO,13
JANOS,NED,13
JOFFREY,PYCELLE,13
MAESTER_LUWIN,THEON,13
NED,THEON,13
PYCELLE,SANSA,13
GENDRY,NED,12
HOT_PIE,LOMMY_GREENHANDS,12
JOFFREY,LITTLEFINGER,12
JOFFREY,MERYN_TRANT,12
JOFFREY,ROBB,12
JON_ARRYN,NED,12
KEVAN,TYWIN,12
MAESTER_LUWIN,OSHA,12
BRAN,HODOR,11
BRONN,SHAE,11
CATELYN,GREATJON_UMBER,11
CATELYN,VARYS,11
GREATJON_UMBER,THEON,11
IRRI,RAKHARO,11
MERYN_TRANT,SYRIO_FOREL,11
NED,TYRION,11
NED,TYWIN,11
PYCELLE,ROBERT,11
RENLY,STANNIS,11
ROBB,RODRIK,11
ROBERT,VARYS,11
ARYA,ROBERT,10
CATELYN,ROBIN,10
DAENERYS,ILLYRIO,10
DROGO,MAGO,10
HOUND,NED,10
HOUND,TYRION,10
JAIME,JON,10
JAIME,ROBB,10
JOFFREY,MYCAH,10
MERYN_TRANT,SANSA,10
NED,RODRIK,10
NED,STANNIS,10
NED,TOBHO_MOTT,10
ARYA,CERSEI,9
BRAN,JAIME,9
BRAN,OLD_NAN,9
CERSEI,PYCELLE,9
ILLYRIO,VARYS,9
IRRI,JORAH,9
JEOR,MAESTER_AEMON,9
MHAEGEN,NED,9
PYCELLE,ROS,9
RENLY,VARYS,9
ROBB,SANSA,9
ROBIN,TYRION,9
RODRIK,TYRION,9
VARDIS_EGEN,TYRION,9
AERYS,NED,8
CERSEI,LITTLEFINGER,8
CERSEI,ROBB,8
DAENERYS,MAGO,8
HOUND,MERYN_TRANT,8
OSHA,ROBB,8
PYCELLE,RENLY,8
ROBERT,TYWIN,8
RODRIK,THEON,8
SANSA,VARYS,8
AERYS,ROBERT,7
ARYA,CATELYN,7
ARYA,GENDRY,7
ARYA,HOUND,7
ARYA,JORY_CASSEL,7
ARYA,VARYS,7
BRAN,ROBERT,7
BRONN,CATELYN,7
GREATJON_UMBER,RODRIK,7
JON,RAST,7
JON,THEON,7
JON_ARRYN,ROBERT,7
JORY_CASSEL,LITTLEFINGER,7
LYSA,VARDIS_EGEN,7
MAESTER_AEMON,TYRION,7
MAESTER_LUWIN,TYRION,7
ROBERT,TYRION,7
ROBERT,VISERYS,7
ARYA,ROBB,6
BARRISTAN,VARYS,6
BRONN,RODRIK,6
DROGO,ILLYRIO,6
DROGO,QOTHO,6
DROGO,RHAEGO,6
GRENN,RAST,6
GRENN,TYRION,6
HOUND,ROBERT,6
JAIME,JOFFREY,6
JEOR,OTHOR,6
LITTLEFINGER,MOUNTAIN,6
LITTLEFINGER,TYRION,6
MAESTER_AEMON,SAM,6
NED,SYRIO_FOREL,6
NED,TOMARD,6
RAST,SAM,6
SHAGGA,TYWIN,6
ARYA,BRAN,5
ARYA,HOT_PIE,5
ARYA,LITTLEFINGER,5
ARYA,MERYN_TRANT,5
ARYA,MYCAH,5
BARRISTAN,JOFFREY,5
BENJEN,ROBB,5
BRAN,RODRIK,5
BRONN,LYSA,5
BRONN,SHAGGA,5
BRONN,TYWIN,5
CATELYN,MORD,5
DAENERYS,ROBERT,5
DOREAH,IRRI,5
DROGO,RAKHARO,5
GENDRY,TOBHO_MOTT,5
HOUND,LITTLEFINGER,5
HOUND,MOUNTAIN,5
JAIME,KEVAN,5
JAIME,LITTLEFINGER,5
JANOS,VARYS,5
JON,OTHOR,5
JON_ARRYN,LITTLEFINGER,5
JON_ARRYN,LYSA,5
JONOS_BRACKEN,ROBB,5
JORAH,QOTHO,5
LYSA,MORD,5
MAESTER_LUWIN,NED,5
MARILLION,RODRIK,5
MARILLION,TYRION,5
MASHA_HEDDLE,TYRION,5
MOUNTAIN,NED,5
RENLY,SANSA,5
ROBB,ROBERT,5
ROBB,TYWIN,5
ROBB,WALDER,5
ROBERT,STANNIS,5
AERYS,RICKARD_STARK,4
ARYA,ILYN_PAYNE,4
BARRISTAN,JAIME,4
BARRISTAN,LITTLEFINGER,4
BARRISTAN,PYCELLE,4
BRAN,CERSEI,4
BRONN,VARDIS_EGEN,4
CATELYN,JON_ARRYN,4
CATELYN,MARILLION,4
CATELYN,TYWIN,4
CERSEI,HOUND,4
DAENERYS,VARYS,4
DAREON,JON,4
DAREON,SAM,4
GRENN,JEOR,4
HOUND,LORAS,4
ILYN_PAYNE,JOFFREY,4
ILYN_PAYNE,NED,4
ILYN_PAYNE,SANSA,4
JAIME,ROS,4
JAIME,THEON,4
JORY_CASSEL,ROBERT,4
LANCEL,NED,4
LITTLEFINGER,TYWIN,4
LORAS,MOUNTAIN,4
LORAS,NED,4
LORAS,SANSA,4
LYANNA,NED,4
MOUNTAIN,ROBERT,4
MOUNTAIN,SANSA,4
MYCAH,SANSA,4
NED,RICKARD_STARK,4
OLD_NAN,ROBB,4
RYGER_RIVERS,WALDER,4
SHAE,TYWIN,4
STEVRON_FREY,WALDER,4
ADDAM_MARBRAND,KEVAN,3
ADDAM_MARBRAND,LEO_LEFFORD,3
AERYS,JAIME,3
AERYS,RHAEGAR,3
ARYA,JAIME,3
ARYA,PYCELLE,3
BALON,THEON,3
BARRISTAN,LANCEL,3
BARRISTAN,RENLY,3
BERIC,NED,3
BRONN,MORD,3
BRONN,ROBIN,3
CATELYN,HOSTER,3
CATELYN,JOFFREY,3
CATELYN,MASHA_HEDDLE,3
CERSEI,ILYN_PAYNE,3
CERSEI,JON,3
CERSEI,JON_ARRYN,3
CERSEI,LANCEL,3
CERSEI,RENLY,3
CERSEI,TYWIN,3
COHOLLO,DROGO,3
DAENERYS,NED,3
DOREAH,DROGO,3
GENDRY,HOT_PIE,3
GREATJON_UMBER,JAIME,3
GREATJON_UMBER,TYWIN,3
HODOR,ROBB,3
HODOR,THEON,3
HODOR,TYRION,3
HOSTER,WALDER,3
HOUND,ILYN_PAYNE,3
IRRI,JHIQUI,3
IRRI,VISERYS,3
JANOS,RENLY,3
JEOR,NED,3
JEOR,ROBERT,3
JOFFREY,RENLY,3
JOFFREY,TYWIN,3
JON,ROBERT,3
JON_ARRYN,PYCELLE,3
JON_ARRYN,ROBIN,3
JORAH,RHAEGO,3
LITTLEFINGER,STANNIS,3
LORAS,ROBERT,3
LYANNA,ROBERT,3
MERYN_TRANT,NED,3
MORD,ROBIN,3
MORD,VARDIS_EGEN,3
MYCAH,NED,3
MYRCELLA,TYRION,3
OSHA,RICKON,3
QOTHO,RAKHARO,3
RAKHARO,VISERYS,3
RAST,TYRION,3
RENLY,ROBB,3
RICKON,ROBB,3
ROBIN,VARDIS_EGEN,3
THEON,WALDER,3
ADDAM_MARBRAND,TYWIN,2
AERYS,BARRISTAN,2
AERYS,CATELYN,2
AERYS,JORAH,2
AERYS,MAESTER_AEMON,2
AERYS,RENLY,2
AERYS,SANSA,2
ARYA,ILLYRIO,2
ARYA,LOMMY_GREENHANDS,2
ARYA,TYRION,2
BALON,TYRION,2
BENJEN,CATELYN,2
BENJEN,CERSEI,2
BENJEN,JEOR,2
BENJEN,ROBERT,2
BERIC,ROBERT,2
BOWEN_MARSH,DAREON,2
BRAN,HOUND,2
BRONN,KEVAN,2
BRONN,MARILLION,2
CATELYN,DAENERYS,2
CATELYN,HOUND,2
CATELYN,STEVRON_FREY,2
CERSEI,JEOR,2
CERSEI,LYANNA,2
CERSEI,MERYN_TRANT,2
CERSEI,ROS,2
CERSEI,STANNIS,2
DAENERYS,JHIQUI,2
DAENERYS,SANSA,2
DAREON,GRENN,2
DAREON,JEOR,2
DAREON,LUKE,2
DAREON,MAESTER_AEMON,2
DAREON,RAST,2
DOREAH,JHIQUI,2
DOREAH,JORAH,2
DROGO,IRRI,2
DROGO,ROBERT,2
GALBART_GLOVER,GREATJON_UMBER,2
GALBART_GLOVER,JONOS_BRACKEN,2
GALBART_GLOVER,ROBB,2
GENDRY,VARYS,2
GREATJON_UMBER,NED,2
GREATJON_UMBER,RENLY,2
GREATJON_UMBER,RICKARD_KARSTARK,2
GREATJON_UMBER,STANNIS,2
GREATJON_UMBER,WALDER,2
HODOR,OSHA,2
HOUND,JAIME,2
HOUND,ROBB,2
ILLYRIO,JORAH,2
ILYN_PAYNE,MERYN_TRANT,2
ILYN_PAYNE,VARYS,2
JAIME,JON_ARRYN,2
JAIME,RICKARD_STARK,2
JAIME,SANSA,2
JANOS,LITTLEFINGER,2
JANOS,PYCELLE,2
JAREMY_RYKKER,JEOR,2
JEOR,JOFFREY,2
JOFFREY,JON,2
JOFFREY,TOMMEN,2
JON,RODRIK,2
JON,ROS,2
JON_ARRYN,VARYS,2
JORAH,NED,2
JORAH,VARYS,2
JORY_CASSEL,MHAEGEN,2
JORY_CASSEL,THEON,2
JOYEUSE,WALDER,2
KEVAN,LEO_LEFFORD,2
KEVAN,SHAGGA,2
LANCEL,RENLY,2
LEO_LEFFORD,TYRION,2
LITTLEFINGER,LORAS,2
LITTLEFINGER,MHAEGEN,2
MAESTER_LUWIN,ROBERT,2
MAESTER_LUWIN,RODRIK,2
MAESTER_LUWIN,SANSA,2
MARILLION,MERYN_TRANT,2
MELESSA,SAM,2
MORD,RODRIK,2
NED,ROOSE_BOLTON,2
NED,ROS,2
NED,STEFFON,2
NED,VARLY,2
OLD_NAN,THEON,2
OTHOR,SAM,2
PYCELLE,TYWIN,2
RANDYLL,SAM,2
RENLY,TOMARD,2
RHAEGAR,ROBERT,2
RHAEGO,VISERYS,2
RICKARD_KARSTARK,ROBB,2
RICKARD_KARSTARK,THEON,2
ROBB,STANNIS,2
ROBB,VARYS,2
ROBERT,ROS,2
ROBERT,TOMMEN,2
RODRIK,TYWIN,2
SANSA,STANNIS,2
STANNIS,TOMARD,2
TYRION,VARYS,2
